Follower,Repository
tyn1998,9-boards-for-china-opensource-report-2023
tyn1998,bilibili_flask
tyn1998,chrome-extension-boilerplate-react
tyn1998,devops_demo
tyn1998,devtron
tyn1998,dotfiles
tyn1998,dummy-charts
tyn1998,echarts
tyn1998,echarts-doc
tyn1998,echarts-examples
tyn1998,G6VP
tyn1998,gi-assets-xlab
tyn1998,hypertrons
tyn1998,hypertrons-crx
tyn1998,i3
tyn1998,learn-github-actions
tyn1998,life_tree
tyn1998,lilypond
tyn1998,mpi-demo
tyn1998,my-graduation-project
tyn1998,ngraph.native
tyn1998,open-digger
tyn1998,open-galaxy
tyn1998,open-galaxy-backup
tyn1998,open-leaderboard
tyn1998,open-research
tyn1998,open-widgets
tyn1998,open-wonderland
tyn1998,OpenSODA
tyn1998,opensumi-core
tyn1998,opensumi-devtools
tyn1998,opensumi-docs
tyn1998,opensumi-gatsby-theme
tyn1998,opensumi-hello-module
tyn1998,opensumi-ide-electron
tyn1998,orillusion-web
tyn1998,oss101-awesome-list
tyn1998,OSSDevGov2022
tyn1998,plasmo
tyn1998,plasmo-examples
tyn1998,ppi-data-provider
tyn1998,ppi-frontend
tyn1998,ppi-galaxy
tyn1998,ppi_resilience
tyn1998,react-chat-widget
tyn1998,refined-github
tyn1998,signature
tyn1998,Snap-4.0
tyn1998,sumi-devtools
tyn1998,tale
tyn1998,test-opensumi-devtools-ci
tyn1998,try-github-features
tyn1998,try-github-repo-pages
tyn1998,tyn1998
tyn1998,tyn1998.github.io
tyn1998,vim-lilypond
tyn1998,workflows-for-hypercrx
tyn1998,X-lab-website
tyn1998,zhongwenxi
Floyed11,Floyed11
Floyed11,IntroDS
Floyed11,MyCodes
Floyed11,OperatingSystem
